image_id,phase1_pred_subclass
1.jpg,unsure
10000.jpg,86
10001.jpg,60
10002.jpg,unsure
10007.jpg,unsure
1001.jpg,40
10010.jpg,unsure
10011.jpg,11
10013.jpg,unsure
10016.jpg,unsure
10019.jpg,unsure
10020.jpg,16
10022.jpg,unsure
10023.jpg,unsure
10024.jpg,unsure
10026.jpg,unsure
10029.jpg,unsure
10030.jpg,unsure
10034.jpg,unsure
10036.jpg,20
10037.jpg,20
10042.jpg,86
10043.jpg,unsure
10045.jpg,unsure
10046.jpg,unsure
10047.jpg,40
10058.jpg,unsure
1006.jpg,unsure
10062.jpg,unsure
10063.jpg,unsure
10069.jpg,59
10074.jpg,unsure
10075.jpg,unsure
10080.jpg,unsure
10085.jpg,unsure
10086.jpg,unsure
10089.jpg,unsure
10091.jpg,unsure
10092.jpg,11
10093.jpg,78
10094.jpg,unsure
10097.jpg,59
1010.jpg,unsure
10100.jpg,unsure
10101.jpg,unsure
10103.jpg,unsure
10109.jpg,unsure
10111.jpg,unsure
10117.jpg,unsure
10120.jpg,unsure
10124.jpg,16
10125.jpg,unsure
10126.jpg,unsure
10130.jpg,unsure
10132.jpg,unsure
10139.jpg,unsure
1014.jpg,20
10142.jpg,unsure
10151.jpg,unsure
10158.jpg,unsure
10167.jpg,unsure
10168.jpg,8
10169.jpg,unsure
1017.jpg,unsure
10170.jpg,unsure
10171.jpg,16
10176.jpg,unsure
10178.jpg,unsure
10181.jpg,unsure
10182.jpg,unsure
10184.jpg,unsure
10185.jpg,30
10192.jpg,unsure
10194.jpg,unsure
10196.jpg,unsure
10198.jpg,unsure
10199.jpg,20
102.jpg,16
10201.jpg,unsure
10205.jpg,unsure
10207.jpg,5
10208.jpg,16
10209.jpg,unsure
10212.jpg,unsure
10219.jpg,86
1022.jpg,unsure
10222.jpg,20
10226.jpg,20
10227.jpg,unsure
1023.jpg,unsure
10232.jpg,unsure
10236.jpg,20
10238.jpg,unsure
1024.jpg,unsure
10240.jpg,78
10242.jpg,unsure
10243.jpg,unsure
10244.jpg,unsure
10246.jpg,unsure
10249.jpg,unsure
10250.jpg,unsure
10251.jpg,unsure
10258.jpg,unsure
10260.jpg,56
10263.jpg,unsure
10266.jpg,unsure
1027.jpg,unsure
10270.jpg,unsure
10272.jpg,unsure
10276.jpg,unsure
1028.jpg,unsure
10292.jpg,unsure
10293.jpg,unsure
10295.jpg,unsure
10297.jpg,unsure
10300.jpg,unsure
10303.jpg,unsure
10304.jpg,unsure
10306.jpg,unsure
10308.jpg,20
10313.jpg,83
10315.jpg,unsure
10317.jpg,unsure
10325.jpg,unsure
10327.jpg,42
10328.jpg,unsure
10330.jpg,unsure
10334.jpg,8
10335.jpg,unsure
10337.jpg,unsure
1034.jpg,unsure
10340.jpg,42
10347.jpg,20
10348.jpg,unsure
10350.jpg,unsure
10353.jpg,78
10357.jpg,unsure
10361.jpg,unsure
10366.jpg,unsure
1037.jpg,unsure
10374.jpg,78
10378.jpg,unsure
10380.jpg,unsure
10383.jpg,unsure
10384.jpg,unsure
1039.jpg,unsure
10395.jpg,unsure
10398.jpg,unsure
104.jpg,unsure
1040.jpg,unsure
10410.jpg,unsure
10413.jpg,unsure
10414.jpg,unsure
10415.jpg,unsure
10418.jpg,19
10422.jpg,unsure
10424.jpg,unsure
10425.jpg,unsure
10429.jpg,unsure
10431.jpg,unsure
10432.jpg,unsure
10436.jpg,20
10438.jpg,unsure
10439.jpg,unsure
10440.jpg,unsure
10444.jpg,unsure
10445.jpg,unsure
10446.jpg,unsure
10450.jpg,unsure
10454.jpg,unsure
10457.jpg,unsure
10458.jpg,20
1046.jpg,unsure
10461.jpg,unsure
10463.jpg,unsure
10468.jpg,80
1047.jpg,unsure
10471.jpg,unsure
10472.jpg,unsure
10473.jpg,59
10478.jpg,56
10484.jpg,83
10485.jpg,unsure
10487.jpg,unsure
10489.jpg,8
1049.jpg,41
10492.jpg,unsure
10493.jpg,unsure
10496.jpg,unsure
10502.jpg,unsure
10503.jpg,78
10505.jpg,unsure
1051.jpg,unsure
10510.jpg,unsure
10511.jpg,unsure
10512.jpg,unsure
10514.jpg,80
10515.jpg,unsure
10519.jpg,20
1052.jpg,unsure
10522.jpg,unsure
10525.jpg,unsure
10526.jpg,20
10528.jpg,unsure
10531.jpg,unsure
10533.jpg,83
10538.jpg,unsure
10539.jpg,83
10549.jpg,unsure
1055.jpg,unsure
10550.jpg,unsure
10559.jpg,unsure
10561.jpg,60
10562.jpg,unsure
10566.jpg,unsure
10570.jpg,unsure
10583.jpg,unsure
10592.jpg,unsure
106.jpg,20
10608.jpg,unsure
10614.jpg,unsure
10615.jpg,unsure
10616.jpg,83
10620.jpg,20
10623.jpg,73
10624.jpg,16
10629.jpg,11
10639.jpg,5
1064.jpg,unsure
10640.jpg,unsure
10646.jpg,unsure
10649.jpg,unsure
10656.jpg,86
10663.jpg,unsure
10665.jpg,20
10667.jpg,20
10668.jpg,unsure
10671.jpg,unsure
1068.jpg,unsure
10680.jpg,unsure
10681.jpg,unsure
10687.jpg,unsure
10688.jpg,unsure
10693.jpg,unsure
10695.jpg,unsure
10696.jpg,unsure
10697.jpg,78
10698.jpg,unsure
107.jpg,unsure
10702.jpg,unsure
10706.jpg,unsure
1071.jpg,unsure
10711.jpg,8
10712.jpg,78
10714.jpg,unsure
10721.jpg,unsure
10726.jpg,unsure
10729.jpg,unsure
10732.jpg,56
10733.jpg,16
10737.jpg,42
10739.jpg,unsure
10740.jpg,20
10742.jpg,78
10743.jpg,unsure
10749.jpg,unsure
10750.jpg,unsure
10753.jpg,unsure
10755.jpg,unsure
10757.jpg,unsure
10759.jpg,11
10761.jpg,11
10763.jpg,8
10765.jpg,unsure
10768.jpg,unsure
10770.jpg,unsure
10774.jpg,20
1078.jpg,unsure
10781.jpg,unsure
10785.jpg,unsure
10787.jpg,unsure
10788.jpg,unsure
10789.jpg,unsure
10791.jpg,unsure
10792.jpg,19
10793.jpg,unsure
10794.jpg,86
1080.jpg,unsure
10802.jpg,unsure
10804.jpg,unsure
10805.jpg,11
10808.jpg,unsure
10810.jpg,unsure
10811.jpg,unsure
10813.jpg,59
10818.jpg,unsure
10819.jpg,unsure
10823.jpg,5
10828.jpg,unsure
10829.jpg,5
1083.jpg,unsure
10838.jpg,unsure
10840.jpg,unsure
10843.jpg,unsure
1085.jpg,unsure
10851.jpg,unsure
10852.jpg,8
10853.jpg,19
1086.jpg,59
10862.jpg,41
10864.jpg,unsure
10867.jpg,unsure
10876.jpg,unsure
10883.jpg,unsure
10888.jpg,unsure
10890.jpg,unsure
10901.jpg,unsure
10902.jpg,51
10905.jpg,unsure
10907.jpg,unsure
10912.jpg,unsure
10919.jpg,unsure
10929.jpg,unsure
10935.jpg,unsure
1094.jpg,unsure
10946.jpg,unsure
10948.jpg,unsure
10961.jpg,59
10973.jpg,unsure
10977.jpg,unsure
10981.jpg,14
10985.jpg,unsure
10986.jpg,unsure
10988.jpg,unsure
10989.jpg,unsure
1099.jpg,unsure
10990.jpg,11
10997.jpg,78
11.jpg,unsure
110.jpg,8
11000.jpg,unsure
11003.jpg,unsure
11007.jpg,unsure
11008.jpg,unsure
11011.jpg,unsure
11012.jpg,11
11014.jpg,unsure
11016.jpg,56
11026.jpg,unsure
11027.jpg,5
11029.jpg,unsure
1103.jpg,unsure
11032.jpg,20
11036.jpg,unsure
11037.jpg,unsure
11042.jpg,unsure
11044.jpg,unsure
11048.jpg,unsure
11053.jpg,unsure
11055.jpg,unsure
11057.jpg,unsure
11058.jpg,unsure
11064.jpg,unsure
11073.jpg,unsure
11077.jpg,unsure
11083.jpg,unsure
11086.jpg,unsure
11087.jpg,unsure
1109.jpg,60
11092.jpg,unsure
11094.jpg,5
11099.jpg,unsure
1110.jpg,unsure
11104.jpg,unsure
11106.jpg,unsure
11108.jpg,83
11119.jpg,unsure
11120.jpg,unsure
11123.jpg,16
11124.jpg,unsure
11126.jpg,83
11132.jpg,unsure
11134.jpg,unsure
11135.jpg,unsure
11136.jpg,unsure
11139.jpg,unsure
11142.jpg,unsure
11147.jpg,unsure
11148.jpg,unsure
11152.jpg,20
11162.jpg,unsure
11164.jpg,56
11166.jpg,unsure
11167.jpg,unsure
11169.jpg,19
1117.jpg,83
11176.jpg,unsure
1119.jpg,20
1122.jpg,20
1125.jpg,unsure
1128.jpg,unsure
1130.jpg,unsure
1132.jpg,unsure
1133.jpg,unsure
1137.jpg,30
1139.jpg,16
1140.jpg,unsure
1141.jpg,unsure
1144.jpg,unsure
1146.jpg,20
1151.jpg,unsure
1153.jpg,11
1155.jpg,unsure
1160.jpg,unsure
1164.jpg,unsure
1169.jpg,unsure
1171.jpg,16
1174.jpg,unsure
1175.jpg,unsure
1179.jpg,78
1183.jpg,unsure
1184.jpg,unsure
1189.jpg,unsure
1191.jpg,unsure
1192.jpg,unsure
1195.jpg,unsure
1196.jpg,unsure
1197.jpg,unsure
1200.jpg,8
1206.jpg,83
1216.jpg,unsure
122.jpg,14
1220.jpg,unsure
1228.jpg,16
123.jpg,8
1230.jpg,unsure
1231.jpg,unsure
1236.jpg,unsure
124.jpg,unsure
1240.jpg,unsure
1244.jpg,unsure
1252.jpg,unsure
1253.jpg,unsure
1256.jpg,unsure
1257.jpg,unsure
126.jpg,unsure
1263.jpg,20
1270.jpg,unsure
1275.jpg,unsure
1278.jpg,5
1279.jpg,unsure
1283.jpg,unsure
1287.jpg,unsure
1288.jpg,unsure
129.jpg,unsure
1295.jpg,unsure
130.jpg,20
1302.jpg,78
1303.jpg,unsure
1307.jpg,41
1308.jpg,83
1311.jpg,unsure
1313.jpg,unsure
1316.jpg,unsure
1319.jpg,unsure
1320.jpg,19
1324.jpg,unsure
1327.jpg,unsure
1330.jpg,16
1332.jpg,14
1335.jpg,16
1338.jpg,unsure
134.jpg,unsure
1340.jpg,59
1346.jpg,unsure
1347.jpg,unsure
1350.jpg,unsure
1353.jpg,unsure
1357.jpg,unsure
136.jpg,unsure
1361.jpg,60
1365.jpg,unsure
1366.jpg,unsure
1367.jpg,8
137.jpg,unsure
1379.jpg,unsure
1380.jpg,unsure
139.jpg,unsure
1390.jpg,unsure
1392.jpg,19
1394.jpg,unsure
1395.jpg,unsure
1397.jpg,unsure
14.jpg,unsure
140.jpg,unsure
1404.jpg,unsure
1407.jpg,unsure
1410.jpg,20
1414.jpg,56
1415.jpg,unsure
1418.jpg,unsure
1424.jpg,unsure
1425.jpg,unsure
1430.jpg,14
1438.jpg,unsure
1446.jpg,unsure
1449.jpg,unsure
145.jpg,unsure
1450.jpg,83
1459.jpg,unsure
146.jpg,unsure
1462.jpg,unsure
1469.jpg,unsure
1471.jpg,unsure
1480.jpg,unsure
1483.jpg,unsure
1488.jpg,unsure
1490.jpg,20
1496.jpg,unsure
1500.jpg,unsure
1503.jpg,unsure
1506.jpg,unsure
1507.jpg,unsure
1508.jpg,unsure
151.jpg,unsure
1511.jpg,unsure
1517.jpg,unsure
1520.jpg,unsure
1525.jpg,41
1527.jpg,unsure
1531.jpg,unsure
1535.jpg,unsure
1537.jpg,unsure
154.jpg,78
1541.jpg,unsure
1542.jpg,unsure
1544.jpg,unsure
1548.jpg,16
1556.jpg,78
156.jpg,unsure
1560.jpg,14
1565.jpg,unsure
1566.jpg,unsure
1568.jpg,unsure
1569.jpg,41
1573.jpg,unsure
1574.jpg,5
1577.jpg,unsure
1578.jpg,14
1582.jpg,unsure
1584.jpg,unsure
1586.jpg,unsure
1591.jpg,unsure
1598.jpg,unsure
1599.jpg,16
160.jpg,unsure
1600.jpg,78
1605.jpg,unsure
1617.jpg,unsure
1621.jpg,unsure
1628.jpg,unsure
163.jpg,unsure
1630.jpg,unsure
1633.jpg,unsure
1637.jpg,16
1640.jpg,42
1642.jpg,unsure
1643.jpg,20
1648.jpg,unsure
165.jpg,unsure
1650.jpg,8
1651.jpg,unsure
1652.jpg,unsure
1654.jpg,unsure
1657.jpg,unsure
166.jpg,unsure
1660.jpg,unsure
1662.jpg,unsure
1663.jpg,16
1669.jpg,56
1673.jpg,unsure
1676.jpg,42
1683.jpg,19
1692.jpg,unsure
1695.jpg,unsure
1700.jpg,unsure
1706.jpg,unsure
1707.jpg,5
1708.jpg,unsure
1714.jpg,unsure
172.jpg,unsure
1726.jpg,unsure
1728.jpg,unsure
1729.jpg,unsure
1732.jpg,unsure
1733.jpg,16
1736.jpg,16
1737.jpg,unsure
1738.jpg,unsure
1743.jpg,unsure
1746.jpg,unsure
1748.jpg,5
1761.jpg,unsure
1763.jpg,56
1765.jpg,83
1768.jpg,unsure
1770.jpg,unsure
1772.jpg,unsure
1773.jpg,unsure
1778.jpg,unsure
178.jpg,56
1780.jpg,unsure
179.jpg,19
1790.jpg,11
1797.jpg,unsure
1803.jpg,unsure
1805.jpg,unsure
1806.jpg,56
1807.jpg,unsure
1808.jpg,unsure
1810.jpg,unsure
1813.jpg,unsure
1816.jpg,unsure
1820.jpg,73
1821.jpg,5
1822.jpg,78
1824.jpg,60
1827.jpg,unsure
1842.jpg,40
1847.jpg,unsure
1853.jpg,unsure
1857.jpg,unsure
1858.jpg,unsure
1861.jpg,11
1862.jpg,unsure
1866.jpg,unsure
1870.jpg,unsure
1876.jpg,unsure
1878.jpg,unsure
1879.jpg,unsure
188.jpg,unsure
1880.jpg,unsure
1882.jpg,unsure
1884.jpg,unsure
1890.jpg,unsure
1893.jpg,unsure
1898.jpg,unsure
1899.jpg,unsure
190.jpg,unsure
1901.jpg,unsure
1903.jpg,unsure
1906.jpg,16
1908.jpg,unsure
1911.jpg,unsure
1916.jpg,20
1917.jpg,unsure
192.jpg,unsure
1920.jpg,59
1923.jpg,83
1925.jpg,unsure
1930.jpg,unsure
1931.jpg,unsure
1933.jpg,unsure
1936.jpg,unsure
1937.jpg,unsure
1945.jpg,unsure
1950.jpg,unsure
1954.jpg,unsure
1955.jpg,unsure
1968.jpg,unsure
197.jpg,unsure
1972.jpg,14
1973.jpg,unsure
1974.jpg,unsure
1978.jpg,56
198.jpg,16
1988.jpg,unsure
1994.jpg,unsure
1996.jpg,16
1997.jpg,19
1999.jpg,unsure
2001.jpg,11
2005.jpg,unsure
2007.jpg,16
2009.jpg,83
201.jpg,unsure
2011.jpg,unsure
2016.jpg,unsure
2018.jpg,unsure
2020.jpg,unsure
2027.jpg,unsure
2029.jpg,86
2030.jpg,unsure
2032.jpg,unsure
2036.jpg,unsure
2037.jpg,unsure
2043.jpg,unsure
2044.jpg,unsure
2046.jpg,20
2049.jpg,unsure
205.jpg,unsure
2052.jpg,83
2058.jpg,unsure
2059.jpg,unsure
2069.jpg,20
2074.jpg,unsure
2075.jpg,unsure
2080.jpg,40
2081.jpg,16
2082.jpg,56
2084.jpg,unsure
2093.jpg,unsure
2099.jpg,unsure
2103.jpg,unsure
2104.jpg,unsure
2105.jpg,unsure
2109.jpg,unsure
2113.jpg,unsure
2114.jpg,unsure
2117.jpg,83
2119.jpg,20
2121.jpg,unsure
2125.jpg,unsure
2127.jpg,40
2128.jpg,unsure
2130.jpg,unsure
2136.jpg,unsure
2139.jpg,unsure
2140.jpg,56
2145.jpg,unsure
2148.jpg,40
215.jpg,unsure
2152.jpg,unsure
2153.jpg,59
2155.jpg,unsure
2157.jpg,unsure
2158.jpg,78
2162.jpg,unsure
2168.jpg,20
2173.jpg,unsure
2181.jpg,5
2184.jpg,unsure
2188.jpg,unsure
219.jpg,16
2193.jpg,unsure
2194.jpg,unsure
2198.jpg,unsure
2200.jpg,unsure
2202.jpg,60
2210.jpg,unsure
2211.jpg,unsure
2212.jpg,unsure
222.jpg,unsure
2224.jpg,unsure
2226.jpg,unsure
2233.jpg,56
2236.jpg,73
2239.jpg,16
224.jpg,83
2240.jpg,unsure
2241.jpg,59
2242.jpg,unsure
2247.jpg,unsure
2249.jpg,5
2254.jpg,unsure
2258.jpg,unsure
2259.jpg,unsure
226.jpg,unsure
2260.jpg,unsure
2261.jpg,unsure
2266.jpg,unsure
2268.jpg,8
227.jpg,unsure
2272.jpg,59
2273.jpg,unsure
2274.jpg,20
2275.jpg,unsure
2277.jpg,78
2279.jpg,unsure
2281.jpg,unsure
2283.jpg,unsure
2290.jpg,unsure
2291.jpg,unsure
2302.jpg,unsure
2305.jpg,unsure
2308.jpg,unsure
2309.jpg,unsure
2313.jpg,unsure
2319.jpg,14
2322.jpg,unsure
2330.jpg,unsure
2332.jpg,unsure
2336.jpg,unsure
2350.jpg,unsure
2353.jpg,5
2355.jpg,unsure
2358.jpg,86
2359.jpg,unsure
236.jpg,20
2368.jpg,unsure
2370.jpg,unsure
2373.jpg,unsure
2374.jpg,unsure
2378.jpg,unsure
2381.jpg,unsure
2383.jpg,unsure
2385.jpg,unsure
2387.jpg,unsure
2389.jpg,unsure
239.jpg,unsure
2391.jpg,unsure
2392.jpg,unsure
2393.jpg,unsure
2394.jpg,unsure
24.jpg,unsure
2403.jpg,unsure
2404.jpg,unsure
2406.jpg,unsure
2408.jpg,unsure
2414.jpg,83
2421.jpg,unsure
2425.jpg,unsure
2427.jpg,20
2430.jpg,unsure
2435.jpg,41
2442.jpg,unsure
2445.jpg,26
245.jpg,unsure
2454.jpg,unsure
2456.jpg,20
2463.jpg,unsure
2464.jpg,unsure
2470.jpg,80
2477.jpg,83
2479.jpg,14
2480.jpg,60
2485.jpg,16
2497.jpg,unsure
25.jpg,unsure
2503.jpg,78
2507.jpg,unsure
2515.jpg,unsure
2518.jpg,unsure
2527.jpg,unsure
2530.jpg,unsure
2538.jpg,unsure
2542.jpg,unsure
2543.jpg,14
2545.jpg,unsure
2556.jpg,unsure
2557.jpg,86
2558.jpg,unsure
2559.jpg,unsure
2563.jpg,16
2568.jpg,83
2570.jpg,unsure
2574.jpg,unsure
2575.jpg,unsure
2576.jpg,unsure
2577.jpg,unsure
2583.jpg,unsure
2586.jpg,unsure
2587.jpg,40
259.jpg,unsure
2594.jpg,unsure
2596.jpg,unsure
2598.jpg,unsure
2604.jpg,unsure
2607.jpg,5
2611.jpg,unsure
2615.jpg,unsure
2620.jpg,unsure
2622.jpg,unsure
263.jpg,51
2630.jpg,unsure
2633.jpg,unsure
2634.jpg,unsure
2635.jpg,unsure
2636.jpg,20
2638.jpg,unsure
2642.jpg,unsure
2651.jpg,20
2655.jpg,unsure
2660.jpg,unsure
2662.jpg,8
2663.jpg,11
2665.jpg,20
2669.jpg,83
267.jpg,unsure
2670.jpg,unsure
2672.jpg,unsure
2682.jpg,unsure
2684.jpg,unsure
2688.jpg,20
2689.jpg,unsure
2691.jpg,16
2694.jpg,unsure
27.jpg,unsure
2700.jpg,unsure
2704.jpg,unsure
2706.jpg,unsure
2708.jpg,unsure
2714.jpg,unsure
2715.jpg,unsure
2725.jpg,unsure
2729.jpg,unsure
273.jpg,unsure
2730.jpg,unsure
2738.jpg,unsure
274.jpg,unsure
2747.jpg,unsure
2750.jpg,unsure
2752.jpg,14
2753.jpg,unsure
276.jpg,unsure
2760.jpg,unsure
277.jpg,unsure
2771.jpg,unsure
2772.jpg,unsure
2773.jpg,unsure
2774.jpg,unsure
2776.jpg,11
2777.jpg,unsure
278.jpg,11
2783.jpg,20
279.jpg,unsure
2790.jpg,unsure
2793.jpg,unsure
2799.jpg,unsure
280.jpg,unsure
2802.jpg,20
2807.jpg,unsure
2812.jpg,56
2815.jpg,59
2816.jpg,unsure
2818.jpg,unsure
282.jpg,unsure
2821.jpg,unsure
2832.jpg,5
2833.jpg,unsure
2835.jpg,unsure
2838.jpg,unsure
2842.jpg,unsure
2843.jpg,unsure
2844.jpg,unsure
2846.jpg,unsure
2853.jpg,16
2855.jpg,unsure
286.jpg,unsure
2863.jpg,unsure
2866.jpg,unsure
2869.jpg,51
2873.jpg,unsure
2878.jpg,unsure
2883.jpg,unsure
2885.jpg,unsure
2892.jpg,8
2893.jpg,unsure
2895.jpg,5
29.jpg,16
2901.jpg,unsure
2902.jpg,unsure
2906.jpg,unsure
2911.jpg,unsure
2914.jpg,unsure
2915.jpg,unsure
2917.jpg,unsure
2919.jpg,unsure
2922.jpg,unsure
2923.jpg,unsure
2926.jpg,unsure
2933.jpg,14
2934.jpg,unsure
2936.jpg,unsure
2937.jpg,unsure
2938.jpg,unsure
2939.jpg,59
2942.jpg,unsure
2945.jpg,unsure
2947.jpg,unsure
2960.jpg,20
2966.jpg,78
297.jpg,unsure
2973.jpg,unsure
2975.jpg,unsure
298.jpg,unsure
2981.jpg,unsure
2989.jpg,unsure
299.jpg,80
2992.jpg,83
2995.jpg,unsure
300.jpg,20
3000.jpg,20
3007.jpg,unsure
3009.jpg,unsure
3012.jpg,11
3014.jpg,unsure
3015.jpg,59
3017.jpg,unsure
3023.jpg,26
3024.jpg,unsure
3026.jpg,unsure
3028.jpg,unsure
303.jpg,20
3031.jpg,unsure
3033.jpg,unsure
3034.jpg,unsure
3036.jpg,78
3037.jpg,unsure
3039.jpg,unsure
3040.jpg,unsure
3046.jpg,8
3049.jpg,14
3055.jpg,unsure
3056.jpg,60
3057.jpg,78
3067.jpg,5
3069.jpg,56
3070.jpg,20
3075.jpg,unsure
3086.jpg,unsure
309.jpg,unsure
3090.jpg,unsure
3094.jpg,unsure
3099.jpg,unsure
3103.jpg,unsure
3109.jpg,unsure
3114.jpg,unsure
3115.jpg,unsure
3118.jpg,unsure
3119.jpg,unsure
3121.jpg,unsure
3122.jpg,20
3124.jpg,83
3125.jpg,unsure
3131.jpg,unsure
3133.jpg,unsure
3136.jpg,16
3144.jpg,unsure
3146.jpg,unsure
3148.jpg,unsure
3155.jpg,unsure
3156.jpg,unsure
3159.jpg,unsure
3167.jpg,unsure
3168.jpg,unsure
3172.jpg,unsure
3180.jpg,unsure
3185.jpg,56
3187.jpg,20
3194.jpg,unsure
3204.jpg,16
3205.jpg,unsure
3210.jpg,unsure
3211.jpg,unsure
3216.jpg,unsure
3217.jpg,unsure
3219.jpg,unsure
3221.jpg,unsure
3222.jpg,unsure
3223.jpg,unsure
3224.jpg,unsure
3225.jpg,unsure
3226.jpg,20
3227.jpg,unsure
323.jpg,unsure
3238.jpg,unsure
3244.jpg,unsure
3249.jpg,unsure
3251.jpg,unsure
3252.jpg,16
3255.jpg,unsure
3261.jpg,unsure
3264.jpg,unsure
3265.jpg,11
3270.jpg,unsure
3273.jpg,20
3275.jpg,unsure
3280.jpg,unsure
3286.jpg,unsure
3290.jpg,unsure
3292.jpg,unsure
3294.jpg,unsure
3299.jpg,unsure
330.jpg,unsure
3302.jpg,86
3303.jpg,unsure
3305.jpg,unsure
3310.jpg,unsure
3314.jpg,11
3320.jpg,unsure
3323.jpg,unsure
3328.jpg,59
333.jpg,unsure
3332.jpg,unsure
3334.jpg,unsure
3337.jpg,unsure
3352.jpg,unsure
336.jpg,unsure
3361.jpg,78
3371.jpg,unsure
3373.jpg,unsure
3379.jpg,unsure
338.jpg,5
3387.jpg,unsure
3389.jpg,unsure
3390.jpg,78
3391.jpg,unsure
3394.jpg,78
3395.jpg,unsure
3396.jpg,unsure
3399.jpg,unsure
3404.jpg,unsure
3405.jpg,unsure
3407.jpg,16
341.jpg,unsure
3416.jpg,unsure
3418.jpg,unsure
342.jpg,83
3421.jpg,unsure
3422.jpg,16
3424.jpg,73
3426.jpg,unsure
343.jpg,unsure
3430.jpg,86
3433.jpg,16
3439.jpg,unsure
344.jpg,unsure
3441.jpg,83
3444.jpg,unsure
3448.jpg,unsure
345.jpg,unsure
3451.jpg,unsure
346.jpg,unsure
3461.jpg,unsure
3463.jpg,unsure
3464.jpg,unsure
3466.jpg,unsure
347.jpg,19
3471.jpg,5
3483.jpg,unsure
3484.jpg,unsure
3486.jpg,11
3489.jpg,unsure
3492.jpg,unsure
3493.jpg,unsure
3497.jpg,unsure
35.jpg,unsure
350.jpg,unsure
3501.jpg,unsure
3506.jpg,unsure
3507.jpg,20
3509.jpg,unsure
3517.jpg,unsure
3521.jpg,unsure
3524.jpg,unsure
3526.jpg,11
3530.jpg,unsure
3533.jpg,unsure
3542.jpg,14
3545.jpg,20
3547.jpg,unsure
3548.jpg,unsure
355.jpg,unsure
3551.jpg,unsure
3554.jpg,unsure
3555.jpg,86
356.jpg,11
3563.jpg,unsure
3567.jpg,86
3569.jpg,unsure
3570.jpg,unsure
3578.jpg,unsure
3584.jpg,16
3587.jpg,unsure
3588.jpg,unsure
3592.jpg,unsure
3593.jpg,42
3595.jpg,unsure
3602.jpg,unsure
3604.jpg,unsure
3605.jpg,unsure
3606.jpg,unsure
361.jpg,unsure
3610.jpg,16
3611.jpg,unsure
3612.jpg,unsure
3613.jpg,78
3614.jpg,unsure
3618.jpg,unsure
3625.jpg,unsure
3626.jpg,unsure
3627.jpg,unsure
3635.jpg,51
3643.jpg,14
3650.jpg,unsure
3651.jpg,80
366.jpg,unsure
3661.jpg,unsure
3664.jpg,14
3680.jpg,unsure
3682.jpg,82
3684.jpg,unsure
3686.jpg,unsure
3690.jpg,unsure
3692.jpg,40
3693.jpg,unsure
3700.jpg,unsure
3702.jpg,unsure
3705.jpg,unsure
3706.jpg,unsure
3708.jpg,unsure
3713.jpg,unsure
3716.jpg,5
3718.jpg,unsure
3719.jpg,unsure
3720.jpg,40
3726.jpg,unsure
3738.jpg,unsure
3739.jpg,unsure
3748.jpg,unsure
375.jpg,unsure
3753.jpg,unsure
376.jpg,11
377.jpg,unsure
3771.jpg,unsure
3772.jpg,unsure
3778.jpg,unsure
3780.jpg,40
3782.jpg,unsure
3787.jpg,unsure
3793.jpg,unsure
3795.jpg,8
380.jpg,unsure
3806.jpg,unsure
3815.jpg,16
3817.jpg,unsure
3819.jpg,5
3827.jpg,unsure
3828.jpg,83
3829.jpg,unsure
3830.jpg,unsure
3837.jpg,unsure
3838.jpg,19
3840.jpg,unsure
3849.jpg,51
3854.jpg,unsure
3856.jpg,unsure
3857.jpg,56
3858.jpg,59
3865.jpg,unsure
3867.jpg,83
3876.jpg,unsure
3877.jpg,unsure
3884.jpg,unsure
3892.jpg,unsure
3893.jpg,59
3898.jpg,8
3899.jpg,20
3904.jpg,73
3907.jpg,unsure
391.jpg,unsure
3912.jpg,5
3913.jpg,20
3916.jpg,83
3918.jpg,8
392.jpg,unsure
3921.jpg,unsure
3923.jpg,unsure
393.jpg,unsure
3937.jpg,unsure
3944.jpg,73
3949.jpg,unsure
395.jpg,83
3951.jpg,unsure
3960.jpg,19
3961.jpg,unsure
3965.jpg,unsure
397.jpg,78
3973.jpg,unsure
3974.jpg,unsure
3975.jpg,unsure
3976.jpg,unsure
3980.jpg,unsure
3982.jpg,unsure
3989.jpg,unsure
3990.jpg,unsure
3993.jpg,19
3994.jpg,20
3998.jpg,60
4000.jpg,unsure
4005.jpg,unsure
4008.jpg,unsure
4011.jpg,unsure
4014.jpg,unsure
402.jpg,unsure
4020.jpg,unsure
4025.jpg,20
4037.jpg,unsure
4039.jpg,80
4043.jpg,unsure
4044.jpg,unsure
4053.jpg,unsure
4055.jpg,20
4059.jpg,20
406.jpg,41
4062.jpg,unsure
4064.jpg,unsure
4065.jpg,unsure
4073.jpg,20
4074.jpg,unsure
4077.jpg,unsure
4080.jpg,unsure
4082.jpg,16
4084.jpg,unsure
4086.jpg,unsure
4088.jpg,unsure
4090.jpg,unsure
4092.jpg,unsure
4098.jpg,20
4101.jpg,unsure
4102.jpg,19
4104.jpg,11
4106.jpg,unsure
4109.jpg,unsure
411.jpg,unsure
4112.jpg,unsure
4118.jpg,unsure
4121.jpg,unsure
4122.jpg,83
4128.jpg,26
413.jpg,unsure
4135.jpg,unsure
4136.jpg,11
4138.jpg,8
4139.jpg,unsure
414.jpg,20
4152.jpg,86
4154.jpg,83
4164.jpg,86
4165.jpg,unsure
4166.jpg,unsure
4174.jpg,unsure
4175.jpg,unsure
4179.jpg,unsure
4181.jpg,unsure
4190.jpg,unsure
4197.jpg,unsure
4205.jpg,unsure
4210.jpg,unsure
4213.jpg,unsure
4216.jpg,unsure
4217.jpg,30
422.jpg,5
4229.jpg,unsure
423.jpg,unsure
4230.jpg,unsure
4232.jpg,unsure
4234.jpg,8
424.jpg,20
4240.jpg,unsure
4241.jpg,11
4242.jpg,unsure
4244.jpg,16
4247.jpg,20
4248.jpg,59
425.jpg,unsure
4258.jpg,unsure
4272.jpg,unsure
4278.jpg,unsure
4280.jpg,8
4285.jpg,unsure
4286.jpg,80
4287.jpg,16
4289.jpg,unsure
4292.jpg,unsure
4293.jpg,60
4298.jpg,unsure
430.jpg,unsure
4300.jpg,8
4301.jpg,unsure
4304.jpg,unsure
4307.jpg,unsure
4313.jpg,11
4318.jpg,20
4319.jpg,unsure
4321.jpg,unsure
4322.jpg,unsure
4325.jpg,unsure
4328.jpg,unsure
4329.jpg,unsure
4337.jpg,78
4339.jpg,73
434.jpg,unsure
4340.jpg,20
4341.jpg,20
4344.jpg,16
4346.jpg,unsure
435.jpg,unsure
4351.jpg,16
4355.jpg,unsure
4356.jpg,56
4357.jpg,unsure
4358.jpg,59
436.jpg,8
4360.jpg,5
4361.jpg,unsure
4362.jpg,unsure
4363.jpg,unsure
4365.jpg,unsure
4369.jpg,78
4374.jpg,unsure
4375.jpg,20
4379.jpg,unsure
438.jpg,unsure
4384.jpg,16
4394.jpg,20
4395.jpg,5
4397.jpg,unsure
440.jpg,unsure
4400.jpg,unsure
4405.jpg,unsure
4406.jpg,19
4418.jpg,unsure
4419.jpg,78
4423.jpg,unsure
4424.jpg,unsure
4426.jpg,unsure
4428.jpg,unsure
4430.jpg,unsure
4436.jpg,unsure
4441.jpg,unsure
4445.jpg,20
4449.jpg,unsure
4459.jpg,16
4461.jpg,unsure
4467.jpg,unsure
4470.jpg,unsure
4471.jpg,unsure
4473.jpg,unsure
4475.jpg,unsure
4477.jpg,unsure
4480.jpg,unsure
4487.jpg,19
4489.jpg,unsure
4495.jpg,unsure
4496.jpg,unsure
4498.jpg,11
4501.jpg,unsure
4511.jpg,20
4513.jpg,unsure
4515.jpg,unsure
4516.jpg,unsure
4518.jpg,unsure
4520.jpg,unsure
4521.jpg,unsure
4522.jpg,unsure
4525.jpg,73
4527.jpg,unsure
4528.jpg,unsure
4529.jpg,unsure
4530.jpg,unsure
4531.jpg,5
4532.jpg,unsure
4533.jpg,78
4537.jpg,11
454.jpg,16
4540.jpg,unsure
4542.jpg,unsure
4543.jpg,unsure
4545.jpg,20
4549.jpg,unsure
4550.jpg,unsure
4551.jpg,unsure
4555.jpg,unsure
4556.jpg,unsure
4560.jpg,14
4561.jpg,unsure
4562.jpg,unsure
4564.jpg,unsure
4566.jpg,unsure
4568.jpg,11
4572.jpg,unsure
4574.jpg,unsure
4575.jpg,60
4577.jpg,78
4579.jpg,78
4584.jpg,51
4587.jpg,86
4592.jpg,16
4594.jpg,unsure
4596.jpg,unsure
4597.jpg,unsure
4599.jpg,unsure
4601.jpg,unsure
4602.jpg,8
4606.jpg,unsure
4607.jpg,unsure
4608.jpg,16
4612.jpg,11
4616.jpg,unsure
4617.jpg,unsure
4618.jpg,unsure
4619.jpg,unsure
462.jpg,unsure
4626.jpg,83
4627.jpg,unsure
4631.jpg,unsure
4635.jpg,60
4637.jpg,unsure
4640.jpg,unsure
4643.jpg,42
4644.jpg,unsure
4645.jpg,unsure
4646.jpg,unsure
4647.jpg,unsure
4651.jpg,unsure
4655.jpg,unsure
4656.jpg,unsure
4657.jpg,unsure
4658.jpg,unsure
4660.jpg,unsure
4661.jpg,unsure
4662.jpg,78
4663.jpg,unsure
4666.jpg,unsure
467.jpg,86
4675.jpg,5
468.jpg,unsure
4680.jpg,unsure
4684.jpg,5
4685.jpg,unsure
469.jpg,20
4694.jpg,unsure
4695.jpg,unsure
4696.jpg,unsure
4697.jpg,unsure
4699.jpg,unsure
4702.jpg,unsure
4703.jpg,unsure
4705.jpg,unsure
4709.jpg,unsure
4712.jpg,unsure
4713.jpg,unsure
4716.jpg,unsure
4717.jpg,unsure
4719.jpg,unsure
472.jpg,unsure
4720.jpg,unsure
4721.jpg,unsure
4722.jpg,unsure
4724.jpg,unsure
473.jpg,16
4731.jpg,60
4733.jpg,20
4735.jpg,unsure
4738.jpg,unsure
4739.jpg,83
4742.jpg,unsure
4752.jpg,unsure
4755.jpg,20
4756.jpg,unsure
4759.jpg,unsure
4760.jpg,5
4761.jpg,20
4763.jpg,unsure
4765.jpg,40
4773.jpg,5
4776.jpg,unsure
4783.jpg,unsure
4791.jpg,20
4794.jpg,20
4795.jpg,unsure
4797.jpg,unsure
4798.jpg,unsure
4802.jpg,unsure
4804.jpg,unsure
4805.jpg,unsure
4813.jpg,56
4816.jpg,5
4817.jpg,60
4820.jpg,unsure
4826.jpg,unsure
4829.jpg,unsure
483.jpg,unsure
4830.jpg,unsure
4831.jpg,40
4833.jpg,8
4835.jpg,unsure
4838.jpg,unsure
4842.jpg,unsure
4845.jpg,19
4853.jpg,86
4854.jpg,59
4856.jpg,unsure
4867.jpg,16
4868.jpg,16
4870.jpg,unsure
4875.jpg,unsure
488.jpg,unsure
4880.jpg,8
4888.jpg,16
4896.jpg,unsure
4899.jpg,unsure
4900.jpg,unsure
4903.jpg,16
4904.jpg,5
4910.jpg,unsure
4911.jpg,42
4912.jpg,80
4914.jpg,51
4919.jpg,unsure
4920.jpg,unsure
4923.jpg,unsure
4925.jpg,unsure
4926.jpg,59
4929.jpg,unsure
4935.jpg,unsure
4937.jpg,unsure
4938.jpg,unsure
4941.jpg,unsure
4942.jpg,86
4945.jpg,unsure
4947.jpg,11
4952.jpg,unsure
4957.jpg,86
4960.jpg,unsure
4962.jpg,unsure
4964.jpg,unsure
4968.jpg,unsure
4976.jpg,unsure
498.jpg,unsure
4982.jpg,11
4983.jpg,56
4984.jpg,unsure
4985.jpg,unsure
4987.jpg,unsure
4989.jpg,unsure
4991.jpg,11
4994.jpg,unsure
4995.jpg,unsure
4996.jpg,unsure
50.jpg,unsure
5005.jpg,5
5010.jpg,unsure
5011.jpg,5
5016.jpg,unsure
5019.jpg,5
502.jpg,20
5024.jpg,unsure
5028.jpg,83
5032.jpg,unsure
5033.jpg,unsure
5034.jpg,unsure
5044.jpg,unsure
5046.jpg,8
5048.jpg,unsure
5053.jpg,unsure
5055.jpg,20
5057.jpg,unsure
5063.jpg,59
5067.jpg,unsure
5071.jpg,5
5072.jpg,unsure
5076.jpg,unsure
5078.jpg,unsure
5079.jpg,unsure
508.jpg,unsure
5080.jpg,unsure
5082.jpg,unsure
5086.jpg,unsure
5088.jpg,unsure
5089.jpg,unsure
509.jpg,5
5091.jpg,unsure
5096.jpg,unsure
51.jpg,unsure
5103.jpg,unsure
5106.jpg,unsure
5108.jpg,unsure
5109.jpg,60
5110.jpg,5
5116.jpg,unsure
512.jpg,42
5121.jpg,unsure
5123.jpg,78
5126.jpg,unsure
5128.jpg,unsure
513.jpg,59
5134.jpg,59
5135.jpg,unsure
5136.jpg,unsure
5137.jpg,unsure
514.jpg,20
5140.jpg,unsure
5144.jpg,83
5146.jpg,unsure
5148.jpg,unsure
5151.jpg,unsure
5152.jpg,unsure
5153.jpg,unsure
5158.jpg,11
516.jpg,78
5160.jpg,11
5164.jpg,unsure
5166.jpg,unsure
5168.jpg,unsure
5169.jpg,unsure
5175.jpg,unsure
5180.jpg,unsure
5182.jpg,unsure
5183.jpg,unsure
5185.jpg,unsure
5186.jpg,unsure
5187.jpg,unsure
5188.jpg,8
5191.jpg,unsure
5196.jpg,82
5198.jpg,unsure
520.jpg,16
5203.jpg,unsure
5204.jpg,78
5205.jpg,unsure
5207.jpg,unsure
5208.jpg,unsure
5212.jpg,unsure
5213.jpg,59
5216.jpg,83
5220.jpg,unsure
5221.jpg,unsure
5224.jpg,unsure
5229.jpg,26
523.jpg,unsure
5231.jpg,unsure
5238.jpg,unsure
5242.jpg,unsure
5247.jpg,unsure
5251.jpg,unsure
5252.jpg,unsure
526.jpg,unsure
5261.jpg,unsure
5262.jpg,59
5268.jpg,unsure
5270.jpg,unsure
5271.jpg,unsure
5272.jpg,41
5275.jpg,60
5279.jpg,unsure
5282.jpg,83
5283.jpg,unsure
5287.jpg,unsure
5289.jpg,20
5296.jpg,unsure
53.jpg,unsure
5303.jpg,16
5313.jpg,unsure
5319.jpg,unsure
5324.jpg,5
5325.jpg,unsure
5327.jpg,unsure
5333.jpg,unsure
5336.jpg,unsure
5337.jpg,unsure
5338.jpg,unsure
5339.jpg,20
5343.jpg,unsure
535.jpg,unsure
5350.jpg,20
5351.jpg,unsure
5355.jpg,unsure
5357.jpg,unsure
5358.jpg,20
5359.jpg,unsure
5360.jpg,unsure
5363.jpg,unsure
5367.jpg,unsure
5371.jpg,16
5377.jpg,16
5378.jpg,unsure
5387.jpg,unsure
5389.jpg,unsure
539.jpg,unsure
5391.jpg,5
5395.jpg,unsure
54.jpg,unsure
5403.jpg,83
5404.jpg,unsure
5406.jpg,unsure
5412.jpg,78
5413.jpg,8
5416.jpg,unsure
5417.jpg,unsure
5419.jpg,16
5420.jpg,unsure
5421.jpg,86
5427.jpg,unsure
5428.jpg,unsure
543.jpg,unsure
5430.jpg,unsure
5432.jpg,14
5437.jpg,unsure
5448.jpg,78
5450.jpg,unsure
5455.jpg,unsure
5458.jpg,unsure
546.jpg,unsure
5467.jpg,unsure
5468.jpg,unsure
5471.jpg,unsure
5472.jpg,unsure
5476.jpg,unsure
5477.jpg,11
5478.jpg,unsure
5479.jpg,16
548.jpg,unsure
5485.jpg,41
5489.jpg,unsure
549.jpg,unsure
5490.jpg,unsure
5496.jpg,unsure
550.jpg,unsure
5501.jpg,41
5502.jpg,16
5508.jpg,16
5511.jpg,unsure
5514.jpg,unsure
552.jpg,unsure
5520.jpg,19
5521.jpg,unsure
5522.jpg,unsure
5525.jpg,unsure
5538.jpg,78
554.jpg,unsure
5542.jpg,unsure
5544.jpg,unsure
5548.jpg,unsure
5550.jpg,unsure
5551.jpg,unsure
5557.jpg,unsure
5559.jpg,unsure
5564.jpg,unsure
5566.jpg,unsure
5567.jpg,16
557.jpg,80
5570.jpg,unsure
5571.jpg,unsure
5580.jpg,unsure
5584.jpg,unsure
5598.jpg,83
56.jpg,20
5600.jpg,unsure
5601.jpg,56
5607.jpg,unsure
5610.jpg,unsure
5613.jpg,unsure
5616.jpg,60
5617.jpg,11
5621.jpg,unsure
5625.jpg,unsure
5627.jpg,unsure
5631.jpg,unsure
5633.jpg,unsure
5636.jpg,unsure
5639.jpg,unsure
5643.jpg,20
5649.jpg,unsure
5650.jpg,unsure
5651.jpg,82
5653.jpg,unsure
5654.jpg,unsure
5659.jpg,16
566.jpg,78
5661.jpg,unsure
5662.jpg,unsure
5664.jpg,unsure
5666.jpg,19
567.jpg,unsure
5670.jpg,unsure
5674.jpg,unsure
5675.jpg,unsure
5676.jpg,11
5687.jpg,unsure
5688.jpg,unsure
5690.jpg,83
57.jpg,unsure
5700.jpg,unsure
5702.jpg,unsure
5709.jpg,unsure
571.jpg,8
5710.jpg,unsure
5712.jpg,unsure
5714.jpg,59
5715.jpg,86
5717.jpg,unsure
5720.jpg,unsure
5725.jpg,20
5727.jpg,8
5728.jpg,unsure
5730.jpg,unsure
5733.jpg,unsure
5748.jpg,80
5749.jpg,unsure
575.jpg,unsure
5751.jpg,unsure
5752.jpg,60
5753.jpg,20
5758.jpg,unsure
5759.jpg,unsure
576.jpg,unsure
5764.jpg,unsure
5767.jpg,80
5770.jpg,20
5774.jpg,unsure
5780.jpg,unsure
5787.jpg,unsure
5791.jpg,unsure
5792.jpg,unsure
5796.jpg,unsure
5799.jpg,14
5803.jpg,20
5806.jpg,73
5809.jpg,19
581.jpg,unsure
5812.jpg,unsure
5814.jpg,60
5817.jpg,80
5819.jpg,unsure
5820.jpg,78
5821.jpg,unsure
5822.jpg,unsure
5828.jpg,unsure
583.jpg,unsure
5833.jpg,56
5834.jpg,unsure
5835.jpg,unsure
5836.jpg,unsure
5842.jpg,unsure
5846.jpg,unsure
5853.jpg,unsure
5855.jpg,unsure
5858.jpg,unsure
586.jpg,unsure
5862.jpg,14
5863.jpg,11
5865.jpg,unsure
5867.jpg,unsure
5868.jpg,unsure
5869.jpg,26
5871.jpg,16
5873.jpg,unsure
5874.jpg,unsure
5880.jpg,unsure
589.jpg,unsure
5890.jpg,20
5893.jpg,unsure
5895.jpg,unsure
5898.jpg,87
5907.jpg,42
5908.jpg,unsure
5910.jpg,unsure
5914.jpg,unsure
5915.jpg,unsure
592.jpg,unsure
5923.jpg,unsure
5926.jpg,unsure
5927.jpg,unsure
5928.jpg,unsure
593.jpg,60
5932.jpg,unsure
5933.jpg,unsure
5936.jpg,16
5938.jpg,20
594.jpg,78
5953.jpg,20
5955.jpg,78
5956.jpg,unsure
5959.jpg,unsure
5963.jpg,59
5964.jpg,unsure
5965.jpg,8
5966.jpg,5
5967.jpg,unsure
597.jpg,5
5970.jpg,8
5974.jpg,unsure
5978.jpg,unsure
5981.jpg,unsure
5984.jpg,unsure
5985.jpg,86
5991.jpg,unsure
5993.jpg,11
5994.jpg,unsure
5995.jpg,20
5996.jpg,unsure
5997.jpg,unsure
5998.jpg,80
6.jpg,unsure
6000.jpg,unsure
6007.jpg,unsure
6009.jpg,14
6018.jpg,82
6021.jpg,unsure
6025.jpg,unsure
6033.jpg,unsure
6041.jpg,20
6042.jpg,unsure
6043.jpg,unsure
6046.jpg,unsure
6047.jpg,83
605.jpg,unsure
6052.jpg,unsure
6054.jpg,unsure
6056.jpg,59
6058.jpg,86
6063.jpg,40
6065.jpg,unsure
6066.jpg,unsure
6074.jpg,unsure
6075.jpg,unsure
6079.jpg,unsure
6081.jpg,unsure
6090.jpg,83
6091.jpg,42
6098.jpg,unsure
6102.jpg,unsure
6108.jpg,unsure
6110.jpg,unsure
6118.jpg,unsure
6120.jpg,16
6121.jpg,unsure
6122.jpg,56
6142.jpg,unsure
6152.jpg,80
6153.jpg,unsure
6156.jpg,16
6158.jpg,unsure
6159.jpg,14
6162.jpg,unsure
6164.jpg,unsure
6168.jpg,unsure
6169.jpg,unsure
6172.jpg,unsure
6179.jpg,unsure
6181.jpg,unsure
6183.jpg,unsure
6186.jpg,unsure
6200.jpg,unsure
6201.jpg,unsure
6206.jpg,unsure
6207.jpg,unsure
6209.jpg,unsure
6216.jpg,unsure
6221.jpg,unsure
6224.jpg,unsure
6225.jpg,unsure
623.jpg,unsure
6233.jpg,unsure
6239.jpg,unsure
6240.jpg,unsure
625.jpg,unsure
6250.jpg,unsure
626.jpg,5
6271.jpg,unsure
6275.jpg,unsure
628.jpg,unsure
6282.jpg,unsure
6285.jpg,unsure
6286.jpg,unsure
629.jpg,19
6290.jpg,unsure
6293.jpg,unsure
6295.jpg,unsure
6297.jpg,unsure
6300.jpg,8
6305.jpg,unsure
6308.jpg,16
6312.jpg,unsure
6315.jpg,unsure
6316.jpg,unsure
6317.jpg,59
6322.jpg,unsure
6324.jpg,unsure
633.jpg,unsure
6334.jpg,unsure
6335.jpg,59
6338.jpg,unsure
6339.jpg,42
6340.jpg,16
6345.jpg,unsure
6349.jpg,unsure
6351.jpg,unsure
6353.jpg,unsure
6355.jpg,unsure
6357.jpg,unsure
6358.jpg,unsure
636.jpg,51
6370.jpg,59
6372.jpg,8
6378.jpg,20
638.jpg,unsure
6386.jpg,11
6391.jpg,16
6398.jpg,41
6399.jpg,20
6401.jpg,unsure
6402.jpg,unsure
6404.jpg,unsure
6406.jpg,unsure
6408.jpg,41
6412.jpg,unsure
6415.jpg,unsure
6416.jpg,unsure
6428.jpg,unsure
6430.jpg,unsure
6439.jpg,unsure
6442.jpg,unsure
6446.jpg,unsure
6454.jpg,unsure
6455.jpg,unsure
6459.jpg,19
6460.jpg,unsure
6462.jpg,unsure
6466.jpg,80
6468.jpg,unsure
6469.jpg,unsure
647.jpg,56
6471.jpg,unsure
6472.jpg,78
6474.jpg,19
6478.jpg,unsure
6479.jpg,20
6487.jpg,83
6489.jpg,unsure
6492.jpg,unsure
6497.jpg,unsure
6498.jpg,14
6499.jpg,78
6501.jpg,unsure
6507.jpg,unsure
6512.jpg,41
6517.jpg,unsure
6519.jpg,unsure
6532.jpg,unsure
6533.jpg,unsure
6534.jpg,unsure
6535.jpg,unsure
6537.jpg,unsure
6548.jpg,unsure
6551.jpg,unsure
6553.jpg,unsure
6554.jpg,unsure
6555.jpg,unsure
6557.jpg,8
6558.jpg,26
6559.jpg,unsure
6564.jpg,14
6569.jpg,unsure
6570.jpg,unsure
6572.jpg,unsure
6573.jpg,59
6576.jpg,11
6578.jpg,unsure
6579.jpg,unsure
6580.jpg,5
6584.jpg,unsure
6586.jpg,unsure
6588.jpg,unsure
6591.jpg,unsure
6595.jpg,unsure
66.jpg,unsure
6600.jpg,42
661.jpg,unsure
662.jpg,78
6620.jpg,unsure
6625.jpg,unsure
6630.jpg,unsure
6632.jpg,unsure
6638.jpg,unsure
664.jpg,unsure
6640.jpg,unsure
6641.jpg,unsure
6643.jpg,11
6645.jpg,unsure
6646.jpg,unsure
6647.jpg,unsure
6649.jpg,unsure
6651.jpg,5
6652.jpg,unsure
6653.jpg,8
6657.jpg,unsure
6658.jpg,20
6661.jpg,unsure
667.jpg,unsure
6670.jpg,unsure
6672.jpg,unsure
6674.jpg,14
6675.jpg,56
6684.jpg,unsure
6687.jpg,78
6691.jpg,20
6693.jpg,unsure
6695.jpg,unsure
6699.jpg,unsure
67.jpg,unsure
6700.jpg,unsure
6701.jpg,78
6702.jpg,11
6703.jpg,14
6705.jpg,unsure
6707.jpg,unsure
6712.jpg,42
6715.jpg,unsure
6716.jpg,unsure
6717.jpg,unsure
6719.jpg,unsure
6720.jpg,unsure
6731.jpg,unsure
6734.jpg,unsure
6736.jpg,unsure
6744.jpg,unsure
6746.jpg,unsure
6747.jpg,unsure
6749.jpg,unsure
6750.jpg,unsure
6755.jpg,unsure
6756.jpg,8
6757.jpg,unsure
6761.jpg,16
6764.jpg,unsure
6765.jpg,8
6771.jpg,unsure
6774.jpg,unsure
6776.jpg,86
6777.jpg,78
6783.jpg,78
6785.jpg,unsure
6786.jpg,60
6787.jpg,unsure
6790.jpg,unsure
6792.jpg,78
6798.jpg,unsure
68.jpg,unsure
6800.jpg,83
6802.jpg,unsure
6810.jpg,unsure
6811.jpg,60
682.jpg,16
6820.jpg,unsure
6821.jpg,unsure
6830.jpg,80
6831.jpg,unsure
6838.jpg,unsure
6839.jpg,8
6840.jpg,78
6842.jpg,unsure
6851.jpg,73
6856.jpg,unsure
6857.jpg,40
6860.jpg,unsure
6862.jpg,unsure
6863.jpg,16
6866.jpg,unsure
6867.jpg,14
687.jpg,unsure
6874.jpg,unsure
6875.jpg,40
6879.jpg,19
6880.jpg,unsure
6882.jpg,unsure
6887.jpg,unsure
689.jpg,unsure
6890.jpg,unsure
6893.jpg,unsure
6895.jpg,unsure
6898.jpg,unsure
6902.jpg,unsure
6915.jpg,unsure
6918.jpg,16
6919.jpg,unsure
6924.jpg,8
693.jpg,unsure
6931.jpg,unsure
6934.jpg,unsure
6937.jpg,unsure
6952.jpg,unsure
6953.jpg,59
6962.jpg,unsure
6965.jpg,unsure
6966.jpg,unsure
697.jpg,19
6972.jpg,unsure
6979.jpg,unsure
6986.jpg,unsure
6987.jpg,60
6989.jpg,unsure
699.jpg,unsure
6990.jpg,78
6994.jpg,20
6996.jpg,51
6999.jpg,unsure
700.jpg,unsure
7004.jpg,5
7009.jpg,unsure
7014.jpg,unsure
7016.jpg,unsure
7018.jpg,unsure
7019.jpg,unsure
7023.jpg,unsure
7024.jpg,unsure
7026.jpg,unsure
7027.jpg,5
703.jpg,unsure
7031.jpg,unsure
704.jpg,unsure
7040.jpg,unsure
7041.jpg,unsure
7042.jpg,unsure
7044.jpg,unsure
7047.jpg,unsure
7048.jpg,11
7050.jpg,unsure
7053.jpg,83
7054.jpg,unsure
7059.jpg,unsure
706.jpg,unsure
7060.jpg,unsure
7063.jpg,unsure
7064.jpg,unsure
7077.jpg,26
708.jpg,unsure
7084.jpg,51
7088.jpg,unsure
709.jpg,unsure
7090.jpg,unsure
7097.jpg,unsure
7098.jpg,unsure
7099.jpg,11
71.jpg,unsure
7100.jpg,16
7104.jpg,unsure
711.jpg,unsure
7115.jpg,unsure
7119.jpg,unsure
7123.jpg,11
7127.jpg,40
7129.jpg,60
713.jpg,unsure
7130.jpg,unsure
7132.jpg,unsure
7136.jpg,unsure
7137.jpg,unsure
7139.jpg,8
7140.jpg,unsure
7148.jpg,unsure
7157.jpg,unsure
7158.jpg,80
716.jpg,unsure
7163.jpg,82
7167.jpg,20
7175.jpg,unsure
7177.jpg,unsure
7182.jpg,14
7185.jpg,unsure
7189.jpg,78
7191.jpg,unsure
7194.jpg,unsure
7195.jpg,unsure
7197.jpg,unsure
7199.jpg,unsure
72.jpg,unsure
720.jpg,unsure
7205.jpg,83
7207.jpg,26
721.jpg,unsure
7215.jpg,unsure
7219.jpg,unsure
722.jpg,unsure
7224.jpg,unsure
7226.jpg,unsure
7227.jpg,unsure
7228.jpg,19
7230.jpg,20
7232.jpg,unsure
7233.jpg,unsure
7248.jpg,unsure
7251.jpg,unsure
7253.jpg,unsure
7256.jpg,unsure
7262.jpg,11
7263.jpg,unsure
7264.jpg,26
7265.jpg,unsure
7267.jpg,5
727.jpg,unsure
7274.jpg,unsure
7279.jpg,unsure
7284.jpg,unsure
7285.jpg,unsure
7287.jpg,unsure
7299.jpg,unsure
73.jpg,unsure
730.jpg,unsure
7303.jpg,20
7305.jpg,19
7307.jpg,unsure
7312.jpg,unsure
7317.jpg,unsure
7319.jpg,unsure
7321.jpg,unsure
7324.jpg,unsure
7326.jpg,unsure
7327.jpg,unsure
7329.jpg,unsure
7330.jpg,73
7336.jpg,unsure
7339.jpg,unsure
7349.jpg,unsure
7351.jpg,unsure
7356.jpg,unsure
7357.jpg,11
7373.jpg,86
7375.jpg,16
7384.jpg,unsure
7392.jpg,unsure
7395.jpg,unsure
7397.jpg,56
7403.jpg,unsure
7409.jpg,unsure
7411.jpg,14
7418.jpg,unsure
7419.jpg,60
742.jpg,unsure
7421.jpg,16
7422.jpg,unsure
7423.jpg,unsure
7427.jpg,unsure
7428.jpg,unsure
7431.jpg,unsure
7433.jpg,unsure
7437.jpg,unsure
7447.jpg,60
7452.jpg,78
7453.jpg,unsure
7457.jpg,unsure
7459.jpg,unsure
7462.jpg,unsure
7464.jpg,unsure
7467.jpg,unsure
7471.jpg,unsure
7472.jpg,unsure
7478.jpg,unsure
7479.jpg,unsure
7481.jpg,unsure
7482.jpg,unsure
7483.jpg,unsure
7484.jpg,unsure
7485.jpg,unsure
750.jpg,unsure
7500.jpg,unsure
7506.jpg,unsure
7509.jpg,11
7510.jpg,56
7512.jpg,11
7516.jpg,unsure
7519.jpg,unsure
7522.jpg,8
7527.jpg,unsure
7529.jpg,unsure
7531.jpg,78
7537.jpg,16
7538.jpg,42
7539.jpg,59
755.jpg,unsure
7552.jpg,unsure
7554.jpg,unsure
7555.jpg,unsure
7556.jpg,unsure
7559.jpg,unsure
7565.jpg,unsure
7567.jpg,unsure
7570.jpg,40
7575.jpg,unsure
7580.jpg,unsure
7582.jpg,11
7583.jpg,83
7586.jpg,16
759.jpg,unsure
7596.jpg,unsure
7597.jpg,unsure
7598.jpg,unsure
7606.jpg,unsure
7609.jpg,unsure
761.jpg,unsure
7616.jpg,80
7619.jpg,8
7624.jpg,unsure
7630.jpg,59
764.jpg,unsure
7647.jpg,unsure
765.jpg,20
7653.jpg,20
7657.jpg,41
7658.jpg,unsure
7661.jpg,unsure
7668.jpg,8
7669.jpg,unsure
7670.jpg,unsure
7673.jpg,5
7674.jpg,unsure
7675.jpg,unsure
7692.jpg,unsure
7696.jpg,unsure
7697.jpg,unsure
7699.jpg,unsure
77.jpg,60
7704.jpg,unsure
7705.jpg,unsure
7706.jpg,unsure
7707.jpg,unsure
7716.jpg,unsure
7717.jpg,unsure
7718.jpg,unsure
7720.jpg,unsure
7723.jpg,unsure
7725.jpg,unsure
7730.jpg,unsure
7732.jpg,unsure
7733.jpg,unsure
7735.jpg,42
7741.jpg,16
7743.jpg,unsure
7746.jpg,unsure
7747.jpg,16
7749.jpg,8
775.jpg,unsure
7757.jpg,20
7760.jpg,unsure
7761.jpg,73
7762.jpg,19
7765.jpg,73
7768.jpg,unsure
777.jpg,unsure
7772.jpg,unsure
7773.jpg,unsure
7774.jpg,unsure
7781.jpg,unsure
7782.jpg,unsure
7785.jpg,unsure
7802.jpg,unsure
7807.jpg,unsure
7811.jpg,20
7818.jpg,56
7819.jpg,20
7822.jpg,78
7824.jpg,unsure
7827.jpg,86
7828.jpg,unsure
7831.jpg,unsure
7833.jpg,unsure
7834.jpg,unsure
7835.jpg,11
7840.jpg,unsure
7841.jpg,unsure
7842.jpg,unsure
7846.jpg,unsure
7847.jpg,unsure
7849.jpg,78
7852.jpg,unsure
7854.jpg,40
7862.jpg,5
7866.jpg,unsure
7867.jpg,unsure
7868.jpg,78
7873.jpg,unsure
7876.jpg,unsure
7877.jpg,78
7878.jpg,unsure
7879.jpg,78
7884.jpg,unsure
7891.jpg,unsure
7892.jpg,unsure
7895.jpg,unsure
7897.jpg,unsure
7901.jpg,unsure
7906.jpg,16
7907.jpg,16
7910.jpg,unsure
7916.jpg,unsure
7919.jpg,20
792.jpg,20
7920.jpg,unsure
7921.jpg,82
7927.jpg,unsure
7928.jpg,unsure
793.jpg,56
7939.jpg,unsure
7940.jpg,11
7945.jpg,unsure
7955.jpg,16
7956.jpg,11
7957.jpg,unsure
7958.jpg,unsure
796.jpg,unsure
7964.jpg,unsure
7965.jpg,unsure
7966.jpg,unsure
7968.jpg,unsure
797.jpg,unsure
7977.jpg,unsure
7980.jpg,unsure
7981.jpg,unsure
7982.jpg,unsure
7989.jpg,unsure
7990.jpg,unsure
7992.jpg,unsure
7993.jpg,unsure
7995.jpg,11
8.jpg,unsure
8000.jpg,unsure
8002.jpg,unsure
8005.jpg,11
8006.jpg,unsure
8011.jpg,11
8012.jpg,73
8016.jpg,unsure
8020.jpg,59
8026.jpg,unsure
8034.jpg,unsure
8039.jpg,unsure
8041.jpg,unsure
8043.jpg,unsure
8049.jpg,unsure
805.jpg,unsure
8051.jpg,40
8055.jpg,unsure
8065.jpg,unsure
8066.jpg,11
8070.jpg,unsure
8074.jpg,unsure
8076.jpg,unsure
8077.jpg,unsure
8078.jpg,unsure
8079.jpg,unsure
8081.jpg,20
8085.jpg,unsure
8089.jpg,unsure
8090.jpg,unsure
8091.jpg,unsure
8092.jpg,unsure
8095.jpg,19
81.jpg,unsure
8102.jpg,unsure
8104.jpg,20
8105.jpg,unsure
8106.jpg,56
8109.jpg,20
8117.jpg,unsure
8118.jpg,unsure
8121.jpg,unsure
8122.jpg,16
8125.jpg,unsure
813.jpg,unsure
8131.jpg,42
8132.jpg,unsure
814.jpg,unsure
8141.jpg,unsure
8142.jpg,unsure
8147.jpg,11
8153.jpg,73
8159.jpg,unsure
8160.jpg,unsure
8166.jpg,unsure
8168.jpg,unsure
8170.jpg,unsure
8174.jpg,unsure
8179.jpg,11
8181.jpg,unsure
8184.jpg,unsure
8194.jpg,unsure
8197.jpg,unsure
820.jpg,unsure
8202.jpg,unsure
8203.jpg,unsure
8204.jpg,unsure
8205.jpg,unsure
8206.jpg,unsure
8207.jpg,unsure
8208.jpg,unsure
8212.jpg,unsure
8214.jpg,unsure
8216.jpg,42
8219.jpg,unsure
8222.jpg,unsure
8223.jpg,unsure
8229.jpg,unsure
823.jpg,41
8236.jpg,5
824.jpg,unsure
8243.jpg,unsure
8244.jpg,unsure
8247.jpg,unsure
825.jpg,40
8252.jpg,11
8253.jpg,unsure
8254.jpg,unsure
8259.jpg,unsure
826.jpg,unsure
8260.jpg,unsure
8261.jpg,11
8262.jpg,41
8266.jpg,42
827.jpg,unsure
8270.jpg,5
8272.jpg,unsure
8275.jpg,unsure
8279.jpg,unsure
8282.jpg,unsure
8286.jpg,unsure
8288.jpg,78
829.jpg,unsure
8294.jpg,unsure
8296.jpg,unsure
8297.jpg,8
83.jpg,unsure
830.jpg,unsure
8300.jpg,unsure
8302.jpg,unsure
831.jpg,unsure
8314.jpg,16
8316.jpg,unsure
8317.jpg,20
832.jpg,unsure
8320.jpg,unsure
8321.jpg,56
8323.jpg,unsure
8325.jpg,73
8328.jpg,unsure
8330.jpg,unsure
8337.jpg,unsure
8340.jpg,19
8342.jpg,78
8346.jpg,unsure
8348.jpg,unsure
835.jpg,unsure
8359.jpg,unsure
8362.jpg,unsure
8363.jpg,8
8365.jpg,unsure
8366.jpg,73
8369.jpg,unsure
837.jpg,unsure
8370.jpg,56
8371.jpg,unsure
8375.jpg,unsure
8378.jpg,42
8380.jpg,unsure
839.jpg,unsure
8395.jpg,unsure
8396.jpg,73
8398.jpg,unsure
84.jpg,8
8406.jpg,41
8415.jpg,unsure
8416.jpg,unsure
8417.jpg,unsure
8419.jpg,unsure
842.jpg,20
8421.jpg,83
8424.jpg,unsure
8425.jpg,unsure
8429.jpg,86
8430.jpg,unsure
8431.jpg,unsure
844.jpg,unsure
8442.jpg,unsure
8449.jpg,unsure
8451.jpg,unsure
8452.jpg,unsure
8453.jpg,60
8456.jpg,51
8463.jpg,unsure
8464.jpg,unsure
8468.jpg,8
8478.jpg,unsure
8479.jpg,59
8483.jpg,unsure
8486.jpg,unsure
8490.jpg,unsure
8492.jpg,unsure
8494.jpg,40
850.jpg,unsure
8501.jpg,unsure
8505.jpg,unsure
8507.jpg,56
8508.jpg,unsure
8510.jpg,11
8511.jpg,unsure
8513.jpg,unsure
8515.jpg,11
8516.jpg,unsure
8518.jpg,unsure
852.jpg,unsure
8520.jpg,unsure
8523.jpg,unsure
8527.jpg,80
8529.jpg,unsure
8536.jpg,unsure
8542.jpg,unsure
855.jpg,unsure
8552.jpg,unsure
8556.jpg,unsure
8559.jpg,unsure
8562.jpg,unsure
8568.jpg,unsure
857.jpg,83
8570.jpg,unsure
8574.jpg,unsure
8576.jpg,unsure
8582.jpg,unsure
8584.jpg,unsure
8587.jpg,14
8589.jpg,unsure
859.jpg,unsure
8590.jpg,unsure
8592.jpg,82
8594.jpg,unsure
8595.jpg,unsure
8598.jpg,unsure
8599.jpg,unsure
86.jpg,unsure
8602.jpg,unsure
8603.jpg,unsure
8605.jpg,20
8606.jpg,82
8608.jpg,unsure
861.jpg,78
8615.jpg,unsure
8616.jpg,unsure
862.jpg,unsure
8621.jpg,unsure
8622.jpg,unsure
8629.jpg,unsure
8630.jpg,20
8631.jpg,unsure
8635.jpg,unsure
8647.jpg,unsure
8649.jpg,unsure
8653.jpg,unsure
8654.jpg,unsure
8655.jpg,56
8656.jpg,78
867.jpg,59
8674.jpg,unsure
8676.jpg,unsure
8677.jpg,56
8681.jpg,80
8684.jpg,42
8685.jpg,unsure
8687.jpg,unsure
8690.jpg,5
8693.jpg,59
8696.jpg,unsure
8699.jpg,78
8700.jpg,unsure
8705.jpg,unsure
8709.jpg,unsure
871.jpg,unsure
8710.jpg,20
8717.jpg,60
8721.jpg,unsure
8734.jpg,unsure
8736.jpg,unsure
8739.jpg,unsure
8750.jpg,unsure
8751.jpg,83
8756.jpg,unsure
8758.jpg,78
8759.jpg,60
8760.jpg,unsure
8763.jpg,unsure
8767.jpg,unsure
8777.jpg,19
8778.jpg,unsure
8779.jpg,unsure
8780.jpg,unsure
8788.jpg,unsure
8790.jpg,unsure
8794.jpg,unsure
8798.jpg,unsure
8799.jpg,83
88.jpg,unsure
8801.jpg,unsure
8805.jpg,60
8806.jpg,unsure
8807.jpg,unsure
8808.jpg,16
8809.jpg,unsure
8811.jpg,unsure
8814.jpg,unsure
8815.jpg,unsure
882.jpg,unsure
8825.jpg,unsure
8832.jpg,56
8833.jpg,unsure
8835.jpg,unsure
8836.jpg,20
8837.jpg,unsure
8838.jpg,unsure
8840.jpg,unsure
8843.jpg,unsure
8844.jpg,60
885.jpg,unsure
8851.jpg,80
8852.jpg,unsure
8854.jpg,16
8856.jpg,unsure
8859.jpg,unsure
8864.jpg,unsure
8867.jpg,unsure
8868.jpg,unsure
8878.jpg,11
8879.jpg,unsure
8881.jpg,unsure
8885.jpg,8
8889.jpg,unsure
889.jpg,unsure
8893.jpg,86
8896.jpg,unsure
8897.jpg,unsure
8899.jpg,unsure
890.jpg,unsure
8900.jpg,unsure
8901.jpg,unsure
8910.jpg,20
8911.jpg,11
8914.jpg,11
8917.jpg,14
8919.jpg,unsure
892.jpg,unsure
8921.jpg,unsure
8922.jpg,unsure
8923.jpg,unsure
8924.jpg,unsure
8929.jpg,30
8930.jpg,unsure
8934.jpg,unsure
8938.jpg,unsure
8943.jpg,11
8944.jpg,unsure
8949.jpg,unsure
895.jpg,unsure
8950.jpg,unsure
8954.jpg,unsure
8959.jpg,42
897.jpg,unsure
8970.jpg,unsure
8973.jpg,unsure
8978.jpg,20
8980.jpg,unsure
8981.jpg,unsure
8985.jpg,73
8987.jpg,5
8991.jpg,unsure
8993.jpg,unsure
8998.jpg,unsure
9001.jpg,unsure
9006.jpg,unsure
9008.jpg,unsure
9012.jpg,unsure
9013.jpg,unsure
9019.jpg,unsure
9021.jpg,78
9022.jpg,unsure
9024.jpg,16
9027.jpg,unsure
9031.jpg,unsure
9041.jpg,unsure
9044.jpg,unsure
9049.jpg,16
9052.jpg,unsure
9053.jpg,unsure
9057.jpg,59
9058.jpg,56
9061.jpg,unsure
9065.jpg,unsure
9067.jpg,unsure
9068.jpg,unsure
9069.jpg,unsure
9071.jpg,5
9079.jpg,11
9080.jpg,unsure
9081.jpg,unsure
9087.jpg,unsure
9088.jpg,unsure
9089.jpg,83
909.jpg,unsure
9091.jpg,unsure
9093.jpg,unsure
9095.jpg,unsure
9097.jpg,unsure
9098.jpg,60
9099.jpg,unsure
9101.jpg,unsure
9104.jpg,unsure
9105.jpg,unsure
9111.jpg,unsure
9112.jpg,unsure
9113.jpg,unsure
9115.jpg,16
9116.jpg,42
9117.jpg,unsure
9119.jpg,16
912.jpg,unsure
9121.jpg,8
9126.jpg,11
9127.jpg,unsure
9129.jpg,82
9132.jpg,unsure
9140.jpg,40
9141.jpg,unsure
9142.jpg,unsure
9144.jpg,unsure
9145.jpg,unsure
915.jpg,19
9153.jpg,unsure
9154.jpg,unsure
9162.jpg,unsure
9164.jpg,86
9165.jpg,unsure
917.jpg,16
9170.jpg,unsure
9178.jpg,unsure
9179.jpg,unsure
9180.jpg,unsure
9183.jpg,unsure
9186.jpg,unsure
9187.jpg,unsure
9188.jpg,unsure
9190.jpg,unsure
9191.jpg,unsure
9192.jpg,unsure
9194.jpg,unsure
9197.jpg,19
9198.jpg,8
92.jpg,8
9200.jpg,73
9211.jpg,unsure
9214.jpg,unsure
9217.jpg,unsure
9218.jpg,unsure
9220.jpg,unsure
9221.jpg,unsure
9229.jpg,unsure
9230.jpg,unsure
9233.jpg,unsure
9240.jpg,unsure
9241.jpg,59
9244.jpg,unsure
9245.jpg,unsure
9248.jpg,unsure
9249.jpg,59
9250.jpg,unsure
9257.jpg,unsure
9258.jpg,unsure
926.jpg,unsure
9260.jpg,unsure
9263.jpg,83
9266.jpg,unsure
9270.jpg,80
9273.jpg,unsure
9277.jpg,unsure
9289.jpg,83
9290.jpg,unsure
9296.jpg,unsure
930.jpg,unsure
9304.jpg,40
9306.jpg,unsure
9311.jpg,unsure
9314.jpg,unsure
932.jpg,20
9320.jpg,11
9322.jpg,unsure
9325.jpg,16
9330.jpg,16
9334.jpg,unsure
9336.jpg,unsure
934.jpg,unsure
9345.jpg,unsure
9349.jpg,5
9352.jpg,19
9356.jpg,unsure
9358.jpg,unsure
9364.jpg,unsure
9366.jpg,unsure
9367.jpg,unsure
9369.jpg,unsure
9374.jpg,unsure
9379.jpg,unsure
9380.jpg,40
9382.jpg,unsure
9384.jpg,8
9389.jpg,86
9395.jpg,unsure
9399.jpg,unsure
9400.jpg,unsure
9404.jpg,20
9406.jpg,20
9407.jpg,unsure
9409.jpg,unsure
941.jpg,unsure
9411.jpg,unsure
9415.jpg,unsure
9417.jpg,14
9419.jpg,unsure
942.jpg,unsure
9421.jpg,20
9423.jpg,unsure
9428.jpg,unsure
9432.jpg,83
944.jpg,unsure
9444.jpg,11
9445.jpg,5
9448.jpg,unsure
9455.jpg,unsure
9456.jpg,unsure
9458.jpg,unsure
9460.jpg,unsure
9468.jpg,unsure
9472.jpg,unsure
9475.jpg,unsure
9479.jpg,73
9486.jpg,unsure
9489.jpg,unsure
9490.jpg,11
9493.jpg,unsure
9495.jpg,unsure
9497.jpg,unsure
9500.jpg,unsure
9505.jpg,60
951.jpg,unsure
9510.jpg,42
9512.jpg,unsure
9516.jpg,unsure
9517.jpg,unsure
9519.jpg,unsure
9521.jpg,unsure
9522.jpg,unsure
9523.jpg,unsure
9526.jpg,78
9532.jpg,16
9533.jpg,unsure
9534.jpg,unsure
9536.jpg,unsure
9541.jpg,unsure
9545.jpg,unsure
9552.jpg,unsure
9555.jpg,8
9556.jpg,unsure
9561.jpg,unsure
9566.jpg,78
9567.jpg,83
957.jpg,59
9574.jpg,16
9575.jpg,unsure
9578.jpg,unsure
9579.jpg,unsure
958.jpg,19
9581.jpg,unsure
9583.jpg,unsure
9585.jpg,26
9586.jpg,unsure
9587.jpg,unsure
9589.jpg,60
9590.jpg,20
9597.jpg,unsure
9598.jpg,unsure
96.jpg,unsure
9602.jpg,unsure
9605.jpg,20
9606.jpg,unsure
9607.jpg,unsure
9608.jpg,unsure
9610.jpg,unsure
9616.jpg,unsure
9617.jpg,20
9624.jpg,unsure
9625.jpg,unsure
9626.jpg,unsure
9628.jpg,unsure
9629.jpg,5
963.jpg,unsure
9636.jpg,unsure
9642.jpg,unsure
9643.jpg,unsure
9644.jpg,unsure
9645.jpg,unsure
9646.jpg,86
9653.jpg,unsure
9656.jpg,unsure
9657.jpg,unsure
9669.jpg,16
967.jpg,16
9675.jpg,20
968.jpg,59
9680.jpg,unsure
9688.jpg,unsure
9689.jpg,unsure
969.jpg,56
9694.jpg,20
9696.jpg,unsure
970.jpg,unsure
9701.jpg,unsure
9702.jpg,unsure
9704.jpg,78
9707.jpg,unsure
9709.jpg,unsure
9711.jpg,78
9714.jpg,19
9718.jpg,unsure
9722.jpg,unsure
9736.jpg,19
9737.jpg,unsure
9739.jpg,unsure
9745.jpg,unsure
9748.jpg,unsure
975.jpg,20
9750.jpg,unsure
9753.jpg,83
9757.jpg,unsure
9759.jpg,unsure
976.jpg,unsure
9762.jpg,unsure
9763.jpg,unsure
9765.jpg,unsure
9768.jpg,unsure
9771.jpg,unsure
9774.jpg,unsure
9776.jpg,20
9777.jpg,14
9779.jpg,83
9780.jpg,unsure
9782.jpg,unsure
9787.jpg,78
9789.jpg,16
979.jpg,unsure
9791.jpg,unsure
9794.jpg,60
9796.jpg,80
9798.jpg,unsure
9799.jpg,41
980.jpg,unsure
9808.jpg,unsure
9809.jpg,unsure
9811.jpg,unsure
9814.jpg,unsure
9817.jpg,unsure
9818.jpg,26
9819.jpg,unsure
9823.jpg,unsure
9826.jpg,unsure
9834.jpg,unsure
9835.jpg,unsure
9838.jpg,unsure
9842.jpg,unsure
9845.jpg,unsure
9846.jpg,unsure
9849.jpg,unsure
9852.jpg,unsure
9858.jpg,unsure
9859.jpg,11
9860.jpg,unsure
9863.jpg,14
9864.jpg,11
9871.jpg,unsure
9875.jpg,unsure
9876.jpg,unsure
988.jpg,unsure
9883.jpg,unsure
9884.jpg,unsure
9890.jpg,unsure
9891.jpg,11
9893.jpg,unsure
9898.jpg,unsure
9900.jpg,unsure
9904.jpg,unsure
9908.jpg,unsure
9917.jpg,11
9922.jpg,unsure
9927.jpg,unsure
9933.jpg,unsure
9941.jpg,unsure
9944.jpg,unsure
9948.jpg,unsure
9953.jpg,unsure
9955.jpg,78
9969.jpg,unsure
9971.jpg,unsure
9979.jpg,5
9980.jpg,73
9981.jpg,unsure
9983.jpg,16
9987.jpg,unsure
999.jpg,unsure
9991.jpg,59
9993.jpg,11
9995.jpg,unsure
